Nível,Brasil e Unidade da Federação,Total,Ensino fundamental incompleto ou equivalente,Ensino fundamental completo ou equivalente,Ensino médio incompleto ou equivalente,Ensino médio completo ou equivalente,Total,Ensino fundamental incompleto ou equivalente,Ensino fundamental completo ou equivalente,Ensino médio incompleto ou equivalente,Ensino médio completo ou equivalente,Total,Ensino fundamental incompleto ou equivalente,Ensino fundamental completo ou equivalente,Ensino médio incompleto ou equivalente,Ensino médio completo ou equivalente,Total,Ensino fundamental incompleto ou equivalente,Ensino fundamental completo ou equivalente,Ensino médio incompleto ou equivalente,Ensino médio completo ou equivalente,Total,Ensino fundamental incompleto ou equivalente,Ensino fundamental completo ou equivalente,Ensino médio incompleto ou equivalente,Ensino médio completo ou equivalente,Total,Ensino fundamental incompleto ou equivalente,Ensino fundamental completo ou equivalente,Ensino médio incompleto ou equivalente,Ensino médio completo ou equivalente,Total,Ensino fundamental incompleto ou equivalente,Ensino fundamental completo ou equivalente,Ensino médio incompleto ou equivalente,Ensino médio completo ou equivalente,Total,Ensino fundamental incompleto ou equivalente,Ensino fundamental completo ou equivalente,Ensino médio incompleto ou equivalente,Ensino médio completo ou equivalente,Total,Ensino fundamental incompleto ou equivalente,Ensino fundamental completo ou equivalente,Ensino médio incompleto ou equivalente,Ensino médio completo ou equivalente,Total,Ensino fundamental incompleto ou equivalente,Ensino fundamental completo ou equivalente,Ensino médio incompleto ou equivalente,Ensino médio completo ou equivalente,Total,Ensino fundamental incompleto ou equivalente,Ensino fundamental completo ou equivalente,Ensino médio incompleto ou equivalente,Ensino médio completo ou equivalente,Total,Ensino fundamental incompleto ou equivalente,Ensino fundamental completo ou equivalente,Ensino médio incompleto ou equivalente,Ensino médio completo ou equivalente,Total,Ensino fundamental incompleto ou equivalente,Ensino fundamental completo ou equivalente,Ensino médio incompleto ou equivalente,Ensino médio completo ou equivalente,Total,Ensino fundamental incompleto ou equivalente,Ensino fundamental completo ou equivalente,Ensino médio incompleto ou equivalente,Ensino médio completo ou equivalente,Total,Ensino fundamental incompleto ou equivalente,Ensino fundamental completo ou equivalente,Ensino médio incompleto ou equivalente,Ensino médio completo ou equivalente,Total,Ensino fundamental incompleto ou equivalente,Ensino fundamental completo ou equivalente,Ensino médio incompleto ou equivalente,Ensino médio completo ou equivalente,Total,Ensino fundamental incompleto ou equivalente,Ensino fundamental completo ou equivalente,Ensino médio incompleto ou equivalente,Ensino médio completo ou equivalente,Total,Ensino fundamental incompleto ou equivalente,Ensino fundamental completo ou equivalente,Ensino médio incompleto ou equivalente,Ensino médio completo ou equivalente,Total,Ensino fundamental incompleto ou equivalente,Ensino fundamental completo ou equivalente,Ensino médio incompleto ou equivalente,Ensino médio completo ou equivalente,Total,Ensino fundamental incompleto ou equivalente,Ensino fundamental completo ou equivalente,Ensino médio incompleto ou equivalente,Ensino médio completo ou equivalente,Total,Ensino fundamental incompleto ou equivalente,Ensino fundamental completo ou equivalente,Ensino médio incompleto ou equivalente,Ensino médio completo ou equivalente,Total,Ensino fundamental incompleto ou equivalente,Ensino fundamental completo ou equivalente,Ensino médio incompleto ou equivalente,Ensino médio completo ou equivalente,Total,Ensino fundamental incompleto ou equivalente,Ensino fundamental completo ou equivalente,Ensino médio incompleto ou equivalente,Ensino médio completo ou equivalente,Total,Ensino fundamental incompleto ou equivalente,Ensino fundamental completo ou equivalente,Ensino médio incompleto ou equivalente,Ensino médio completo ou equivalente,Total,Ensino fundamental incompleto ou equivalente,Ensino fundamental completo ou equivalente,Ensino médio incompleto ou equivalente,Ensino médio completo ou equivalente,Total,Ensino fundamental incompleto ou equivalente,Ensino fundamental completo ou equivalente,Ensino médio incompleto ou equivalente,Ensino médio completo ou equivalente,Total,Ensino fundamental incompleto ou equivalente,Ensino fundamental completo ou equivalente,Ensino médio incompleto ou equivalente,Ensino médio completo ou equivalente,Total,Ensino fundamental incompleto ou equivalente,Ensino fundamental completo ou equivalente,Ensino médio incompleto ou equivalente,Ensino médio completo ou equivalente,Total,Ensino fundamental incompleto ou equivalente,Ensino fundamental completo ou equivalente,Ensino médio incompleto ou equivalente,Ensino médio completo ou equivalente,Total,Ensino fundamental incompleto ou equivalente,Ensino fundamental completo ou equivalente,Ensino médio incompleto ou equivalente,Ensino médio completo ou equivalente,Total,Ensino fundamental incompleto ou equivalente,Ensino fundamental completo ou equivalente,Ensino médio incompleto ou equivalente,Ensino médio completo ou equivalente,Total,Ensino fundamental incompleto ou equivalente,Ensino fundamental completo ou equivalente,Ensino médio incompleto ou equivalente,Ensino médio completo ou equivalente,Total,Ensino fundamental incompleto ou equivalente,Ensino fundamental completo ou equivalente,Ensino médio incompleto ou equivalente,Ensino médio completo ou equivalente,Total,Ensino fundamental incompleto ou equivalente,Ensino fundamental completo ou equivalente,Ensino médio incompleto ou equivalente,Ensino médio completo ou equivalente,Total,Ensino fundamental incompleto ou equivalente,Ensino fundamental completo ou equivalente,Ensino médio incompleto ou equivalente,Ensino médio completo ou equivalente,Total,Ensino fundamental incompleto ou equivalente,Ensino fundamental completo ou equivalente,Ensino médio incompleto ou equivalente,Ensino médio completo ou equivalente,Total,Ensino fundamental incompleto ou equivalente,Ensino fundamental completo ou equivalente,Ensino médio incompleto ou equivalente,Ensino médio completo ou equivalente,Total,Ensino fundamental incompleto ou equivalente,Ensino fundamental completo ou equivalente,Ensino médio incompleto ou equivalente,Ensino médio completo ou equivalente,Total,Ensino fundamental incompleto ou equivalente,Ensino fundamental completo ou equivalente,Ensino médio incompleto ou equivalente,Ensino médio completo ou equivalente,Total,Ensino fundamental incompleto ou equivalente,Ensino fundamental completo ou equivalente,Ensino médio incompleto ou equivalente,Ensino médio completo ou equivalente,Total,Ensino fundamental incompleto ou equivalente,Ensino fundamental completo ou equivalente,Ensino médio incompleto ou equivalente,Ensino médio completo ou equivalente,Total,Ensino fundamental incompleto ou equivalente,Ensino fundamental completo ou equivalente,Ensino médio incompleto ou equivalente,Ensino médio completo ou equivalente,Total,Ensino fundamental incompleto ou equivalente,Ensino fundamental completo ou equivalente,Ensino médio incompleto ou equivalente,Ensino médio completo ou equivalente,Total,Ensino fundamental incompleto ou equivalente,Ensino fundamental completo ou equivalente,Ensino médio incompleto ou equivalente,Ensino médio completo ou equivalente,Total,Ensino fundamental incompleto ou equivalente,Ensino fundamental completo ou equivalente,Ensino médio incompleto ou equivalente,Ensino médio completo ou equivalente,Total,Ensino fundamental incompleto ou equivalente,Ensino fundamental completo ou equivalente,Ensino médio incompleto ou equivalente,Ensino médio completo ou equivalente,Total,Ensino fundamental incompleto ou equivalente,Ensino fundamental completo ou equivalente,Ensino médio incompleto ou equivalente,Ensino médio completo ou equivalente,Total,Ensino fundamental incompleto ou equivalente,Ensino fundamental completo ou equivalente,Ensino médio incompleto ou equivalente,Ensino médio completo ou equivalente,Total,Ensino fundamental incompleto ou equivalente,Ensino fundamental completo ou equivalente,Ensino médio incompleto ou equivalente,Ensino médio completo ou equivalente,Total,Ensino fundamental incompleto ou equivalente,Ensino fundamental completo ou equivalente,Ensino médio incompleto ou equivalente,Ensino médio completo ou equivalente,Total,Ensino fundamental incompleto ou equivalente,Ensino fundamental completo ou equivalente,Ensino médio incompleto ou equivalente,Ensino médio completo ou equivalente,Total,Ensino fundamental incompleto ou equivalente,Ensino fundamental completo ou equivalente,Ensino médio incompleto ou equivalente,Ensino médio completo ou equivalente
BR,Brasil,197074,74933,17928,12116,38568,197502,75202,17874,12142,38732,197931,75308,17820,11905,38826,198360,75317,17669,11704,39281,198789,74461,18072,11969,40689,199217,74208,18013,12163,40625,199646,73754,18289,12067,40518,200074,73667,18165,12049,40892,200502,72607,18753,12514,42079,200929,72531,18643,12424,42332,201357,72608,18356,12453,42006,201783,72681,18306,12184,42161,202209,72123,18521,12539,42987,202634,72048,18246,12845,42832,203058,71587,18048,12625,42902,203482,71421,16791,12444,44043,203904,71007,17334,12871,44936,204325,70919,17072,12974,44573,204746,70613,16601,13156,45090,205165,70540,16477,13267,45209,205583,70521,16867,13244,46213,206000,71048,16125,13725,45975,206415,70646,16007,13689,45890,206829,70602,15909,13454,46217,207241,70358,15719,13556,47245,207652,70255,15531,13734,46875,208061,70004,15390,13789,47093,208468,69721,15185,13601,47541,208873,69011,15506,13766,48560,209276,69167,15421,13770,48389,209678,69006,15221,13965,48447,210077,68479,15147,13638,49133,210474,67672,15259,13703,50433,210869,66178,15230,13605,51067,211262,65857,15206,13411,51187,211652,64643,15315,13520,50943,212040,64036,15658,14001,51282,212426,64472,15365,14230,51578,212808,65372,15330,14300,51472,213188,65537,15254,14293,51619,213566,65190,15346,14458,52761,213940,64998,15101,14405,52893,214312,64812,14789,14287,52739,214680,64546,14686,14421,52792,215046,64064,14871,14573,53986,215408,63945,14893,14384,54282,215767,63416,14759,14344,54417,216123,63391,14771,14086,54663,216476,63142,14955,14350,55397,216825,62846,14918,14265,55611,217171,62689,14784,14336,55757,217513,62320,14431,13976,57057
UF,Rondônia,1621,645,176,75,261,1626,657,171,87,262,1631,669,177,88,261,1636,686,147,96,263,1641,683,149,103,267,1646,678,153,94,274,1651,664,179,92,266,1656,644,171,91,288,1661,640,176,95,276,1666,668,169,100,285,1670,676,169,99,282,1675,682,156,107,294,1680,681,168,99,296,1685,695,144,107,296,1690,711,146,115,286,1695,680,154,109,306,1700,690,140,114,305,1705,680,147,112,298,1710,687,134,111,302,1715,697,126,100,315,1720,711,133,107,321,1725,709,128,122,313,1730,718,118,123,311,1735,696,130,117,331,1740,692,125,127,341,1745,682,131,125,335,1750,686,116,124,341,1754,676,117,124,353,1759,686,117,124,356,1764,671,115,137,350,1769,655,108,129,357,1774,646,120,138,367,1778,666,128,127,375,...,...,...,...,...,...,...,...,...,...,...,...,...,...,...,...,...,...,...,...,...,...,...,...,...,...,...,...,...,...,...,...,...,...,...,...,...,...,...,...,1820,623,123,137,404,1825,609,122,150,401,1829,619,113,154,392,1834,607,118,158,399,1838,623,122,155,404,1843,613,121,148,406,1847,597,128,143,439,1851,599,122,138,444,1856,593,130,130,443,1860,597,126,125,441,1864,596,121,124,478
UF,Acre,772,293,72,40,121,776,294,64,43,125,779,293,65,40,127,782,302,67,42,118,785,296,72,45,119,789,292,68,49,121,792,297,74,48,119,795,287,74,42,124,798,287,75,46,127,801,288,73,48,127,805,289,74,46,128,808,303,69,45,129,811,295,80,43,135,814,300,77,44,132,817,302,79,45,138,820,307,65,50,133,824,320,63,47,140,827,312,63,58,135,830,297,67,54,144,833,299,63,51,146,836,305,64,53,153,839,308,65,56,147,842,310,62,54,153,846,308,61,53,145,849,310,60,53,161,852,312,61,53,148,855,302,59,54,157,858,297,61,54,165,861,297,60,51,171,864,299,62,55,163,867,295,62,58,167,870,294,57,59,170,873,284,63,63,180,...,...,...,...,...,...,...,...,...,...,...,...,...,...,...,...,...,...,...,...,...,...,...,...,...,...,...,...,...,...,...,...,...,...,...,...,...,...,...,...,900,286,56,63,183,903,286,55,64,179,906,284,59,64,181,909,281,66,61,189,912,280,63,61,196,915,282,60,63,199,918,284,64,66,192,921,284,66,67,195,924,288,61,69,198,927,296,62,69,192,930,298,58,73,195
UF,Amazonas,3518,1362,248,219,690,3534,1398,250,214,694,3550,1414,252,227,696,3567,1407,253,212,709,3583,1403,276,211,728,3599,1409,262,222,723,3615,1393,239,233,731,3631,1362,241,233,753,3647,1349,272,227,770,3663,1360,261,234,759,3679,1345,275,222,768,3695,1333,301,230,742,3710,1342,299,233,785,3726,1337,289,237,787,3742,1293,297,232,803,3758,1295,271,224,834,3774,1292,276,239,859,3789,1307,280,249,819,3805,1301,262,244,864,3821,1331,242,261,846,3836,1336,255,251,889,3852,1328,240,262,879,3867,1320,244,260,885,3883,1322,242,263,884,3898,1284,251,262,922,3914,1339,239,273,922,3929,1327,235,284,917,3945,1328,235,282,945,3960,1313,234,273,976,3975,1342,243,280,936,3991,1335,244,281,913,4006,1321,240,284,948,4021,1284,235,285,1027,...,...,...,...,...,...,...,...,...,...,...,...,...,...,...,...,...,...,...,...,...,...,...,...,...,...,...,...,...,...,...,...,...,...,...,...,...,...,...,...,4155,1236,237,287,1111,4170,1252,234,282,1095,4184,1247,239,277,1110,4199,1252,225,283,1149,4213,1250,236,288,1149,4228,1237,232,284,1186,4242,1235,232,282,1188,4257,1227,235,284,1227,4271,1202,238,281,1268,4285,1204,237,281,1245,4299,1175,230,255,1311
UF,Roraima,419,136,34,27,91,422,138,34,27,92,424,133,40,27,92,427,142,36,27,91,429,141,36,30,87,432,144,34,30,87,435,144,34,27,90,439,143,35,28,91,442,137,38,30,98,445,138,39,29,98,449,138,41,33,92,453,141,37,32,96,457,147,33,34,100,460,148,35,33,98,464,149,34,30,100,468,152,32,32,99,473,154,31,35,103,477,147,32,33,105,481,147,31,34,108,485,148,29,35,111,490,143,35,37,114,494,149,31,38,113,499,156,31,35,109,503,152,29,36,110,508,154,29,38,112,513,154,30,37,117,517,157,30,37,115,522,151,29,38,124,527,150,33,35,127,532,151,28,40,128,536,151,33,40,126,541,152,28,40,134,546,155,29,42,136,...,...,...,...,...,...,...,...,...,...,...,...,...,...,...,...,...,...,...,...,...,...,...,...,...,...,...,...,...,...,...,...,...,...,...,...,...,...,...,...,587,149,39,41,164,592,148,40,44,160,596,143,42,45,162,600,146,37,48,159,604,155,34,47,161,608,162,35,48,162,612,166,33,45,165,616,167,33,48,163,620,171,33,49,160,624,169,29,46,165,627,170,27,46,171
UF,Pará,7883,3508,635,548,1207,7907,3571,616,552,1267,7931,3609,584,571,1220,7955,3550,575,551,1274,7978,3529,598,545,1366,8002,3517,606,532,1394,8026,3505,622,564,1311,8049,3531,614,565,1305,8073,3513,662,570,1361,8096,3539,582,612,1405,8120,3505,598,610,1428,8143,3552,603,596,1407,8166,3530,635,593,1458,8190,3501,623,613,1459,8213,3504,626,591,1460,8236,3504,571,610,1483,8259,3450,617,604,1528,8282,3425,598,629,1546,8305,3380,606,624,1579,8327,3425,572,648,1565,8350,3386,633,639,1626,8373,3413,614,649,1615,8395,3378,620,635,1614,8418,3422,604,630,1600,8440,3372,621,616,1681,8463,3385,613,643,1650,8485,3468,597,640,1630,8507,3415,555,670,1688,8529,3357,583,667,1745,8551,3400,602,636,1758,8573,3326,607,662,1710,8595,3277,643,622,1781,8617,3256,611,638,1832,...,...,...,...,...,...,...,...,...,...,...,...,...,...,...,...,...,...,...,...,...,...,...,...,...,...,...,...,...,...,...,...,...,...,...,...,...,...,...,...,8809,3239,599,695,1886,8830,3272,602,678,1837,8850,3224,608,682,1906,8871,3166,635,693,1949,8892,3154,615,677,2016,8912,3136,592,637,2030,8933,3086,586,652,2018,8953,3075,620,686,2037,8973,3003,628,689,2079,8993,3033,615,704,2076,9013,2974,596,738,2148
UF,Amapá,715,276,55,47,132,720,271,56,47,142,724,269,55,44,150,728,266,53,57,140,732,265,52,54,150,737,259,59,53,152,741,252,59,58,152,745,245,58,57,160,749,241,67,60,163,753,258,65,53,159,758,258,66,55,156,762,257,64,49,163,766,263,60,49,167,770,267,60,45,167,774,256,57,47,174,778,262,52,47,166,782,248,52,52,181,787,253,53,57,171,791,255,48,56,172,795,256,50,57,167,799,253,53,62,175,803,259,57,60,171,807,267,55,59,172,811,267,56,64,161,815,269,47,63,170,819,266,52,56,179,823,269,55,58,184,827,266,53,64,185,831,267,52,64,183,835,250,54,65,196,839,259,51,68,187,843,255,57,60,193,847,263,53,67,191,...,...,...,...,...,...,...,...,...,...,...,...,...,...,...,...,...,...,...,...,...,...,...,...,...,...,...,...,...,...,...,...,...,...,...,...,...,...,...,...,883,249,55,57,211,886,250,51,63,203,890,244,50,64,209,894,232,52,63,226,898,231,48,63,228,902,229,47,64,229,905,232,50,60,229,909,243,53,59,226,913,248,53,55,230,917,248,61,57,223,921,247,61,59,220
UF,Tocantins,1430,552,116,87,260,1435,555,116,90,261,1439,558,106,97,257,1444,540,113,94,272,1448,535,127,94,271,1452,533,128,97,278,1457,542,123,95,268,1461,540,130,88,279,1466,534,123,102,295,1470,537,118,102,292,1475,533,112,103,300,1479,532,112,98,298,1483,528,116,105,292,1488,521,127,99,295,1492,515,119,101,289,1497,538,101,103,304,1501,532,113,104,311,1506,537,106,105,310,1510,537,96,111,319,1514,541,102,104,309,1519,540,102,100,321,1523,554,88,103,318,1527,542,96,104,329,1532,540,88,110,325,1536,531,98,106,329,1541,534,95,101,334,1545,533,96,106,330,1549,534,91,113,324,1553,544,95,112,323,1558,557,93,112,334,1562,555,89,113,327,1566,556,87,104,334,1571,545,78,112,344,...,...,...,...,...,...,...,...,...,...,...,...,...,...,...,...,...,...,...,...,...,...,...,...,...,...,...,...,...,...,...,...,...,...,...,...,...,...,...,...,1608,484,92,116,379,1612,492,95,113,365,1617,494,89,120,373,1621,481,99,112,376,1625,492,95,112,374,1629,482,90,114,370,1633,491,94,112,376,1637,490,97,112,394,1641,501,99,118,382,1645,488,99,111,384,1649,472,87,109,401
UF,Maranhão,6747,2817,566,384,1090,6757,2874,564,385,1079,6767,2825,567,397,1084,6777,2897,561,396,1076,6787,2811,591,400,1127,6797,2771,586,403,1155,6807,2761,576,413,1134,6817,2797,582,392,1134,6827,2744,601,437,1203,6837,2751,596,438,1196,6847,2765,588,419,1171,6857,2835,575,413,1137,6867,2834,586,437,1201,6877,2792,540,448,1197,6887,2728,588,443,1198,6897,2757,501,435,1215,6907,2745,509,464,1272,6917,2712,531,479,1226,6927,2639,505,492,1265,6937,2662,499,478,1295,6947,2635,527,449,1353,6957,2674,492,481,1326,6967,2636,494,469,1349,6977,2639,515,476,1366,6987,2626,498,494,1397,6997,2682,483,518,1344,7007,2689,480,524,1350,7017,2662,485,514,1370,7026,2634,485,517,1452,7036,2586,490,528,1448,7046,2580,497,524,1443,7056,2585,488,497,1463,7065,2570,504,516,1532,...,...,...,...,...,...,...,...,...,...,...,...,...,...,...,...,...,...,...,...,...,...,...,...,...,...,...,...,...,...,...,...,...,...,...,...,...,...,...,...,7151,2416,510,513,1625,7160,2463,499,514,1567,7169,2451,499,523,1593,7178,2400,500,514,1651,7187,2409,506,509,1659,7196,2353,521,492,1706,7205,2365,524,511,1655,7214,2383,518,512,1709,7223,2385,529,510,1707,7232,2377,493,510,1695,7240,2346,482,495,1813
UF,Piauí,3208,1377,240,198,443,3210,1403,216,204,445,3212,1407,224,201,439,3214,1408,228,203,441,3217,1380,237,203,482,3219,1358,232,198,487,3221,1418,225,199,466,3223,1420,204,211,464,3226,1404,212,209,474,3228,1398,205,218,483,3230,1403,213,227,486,3232,1389,211,211,492,3234,1393,218,193,506,3237,1383,217,209,518,3239,1372,219,214,502,3241,1334,214,225,493,3243,1376,226,226,518,3246,1358,220,218,509,3248,1348,204,214,512,3250,1337,225,209,517,3252,1374,241,195,526,3254,1339,232,208,546,3257,1324,229,218,538,3259,1311,233,224,543,3261,1307,238,219,548,3263,1339,234,211,551,3265,1326,222,213,554,3267,1308,216,214,549,3269,1307,210,218,570,3271,1319,211,210,563,3274,1317,202,220,567,3276,1314,199,212,576,3278,1304,216,196,571,...,...,...,...,...,...,...,...,...,...,...,...,...,...,...,...,...,...,...,...,...,...,...,...,...,...,...,...,...,...,...,...,...,...,...,...,...,...,...,...,3295,1193,202,220,615,3296,1164,192,200,652,3298,1179,178,215,640,3300,1152,194,212,670,3301,1153,200,211,677,3303,1144,204,221,669,3305,1146,214,233,666,3306,1176,221,231,681,3308,1172,210,232,673,3309,1174,208,238,681,3310,1152,219,231,698
UF,Ceará,8712,3428,786,570,1511,8725,3417,818,553,1507,8739,3412,805,523,1524,8754,3355,791,518,1565,8768,3320,844,543,1587,8782,3334,809,523,1596,8796,3305,822,527,1573,8810,3305,879,497,1594,8824,3261,891,530,1679,8839,3321,891,532,1662,8853,3273,878,547,1646,8867,3278,865,527,1630,8881,3231,874,565,1705,8896,3281,824,566,1704,8910,3268,816,559,1706,8924,3273,746,569,1704,8939,3263,812,573,1766,8953,3269,801,582,1744,8967,3267,790,588,1747,8981,3253,738,610,1772,8996,3261,790,632,1805,9010,3264,735,624,1833,9024,3270,728,639,1818,9038,3296,709,591,1878,9052,3272,706,638,1891,9066,3179,721,645,1907,9080,3190,732,613,1946,9094,3216,685,636,1905,9108,3133,724,634,1995,9122,3189,693,636,1943,9136,3171,700,618,1946,9149,3164,661,641,1951,9163,3121,700,609,2090,...,...,...,...,...,...,...,...,...,...,...,...,...,...,...,...,...,...,...,...,...,...,...,...,...,...,...,...,...,...,...,...,...,...,...,...,...,...,...,...,9282,2913,691,647,2248,9295,2908,680,668,2259,9308,2955,692,678,2253,9320,2902,667,716,2274,9333,2888,648,711,2258,9345,2881,655,677,2274,9357,2890,628,670,2276,9369,2872,657,683,2338,9381,2874,651,697,2282,9393,2898,660,698,2314,9404,2917,688,647,2399
UF,Rio Grande do Norte,3291,1451,217,224,538,3299,1426,230,210,571,3306,1449,222,206,566,3314,1455,216,196,583,3321,1432,234,201,590,3329,1444,221,204,587,3337,1439,215,215,572,3344,1459,212,199,578,3352,1380,238,206,619,3359,1411,244,201,617,3367,1406,230,198,622,3374,1423,225,185,625,3382,1408,237,199,650,3389,1401,229,202,641,3397,1380,217,213,641,3404,1333,200,230,678,3411,1346,219,232,677,3419,1317,202,243,687,3426,1306,222,243,692,3433,1372,211,228,693,3440,1379,222,222,708,3448,1395,214,233,693,3455,1385,220,230,678,3462,1401,233,221,684,3469,1396,227,210,687,3476,1402,212,207,701,3483,1394,213,220,695,3490,1401,213,210,692,3497,1368,205,216,695,3504,1358,212,234,670,3511,1366,221,224,676,3518,1331,200,251,685,3524,1323,204,244,733,...,...,...,...,...,...,...,...,...,...,...,...,...,...,...,...,...,...,...,...,...,...,...,...,...,...,...,...,...,...,...,...,...,...,...,...,...,...,...,...,3584,1233,240,265,787,3590,1228,234,259,791,3597,1200,220,252,796,3603,1239,221,260,814,3609,1242,218,248,828,3615,1196,212,242,850,3621,1187,203,236,848,3628,1182,213,247,866,3634,1169,221,251,853,3640,1171,209,252,866,3646,1225,201,263,868
UF,Paraíba,3848,1685,228,212,565,3852,1691,243,231,576,3857,1698,244,215,560,3861,1687,239,207,563,3866,1650,244,213,571,3871,1624,248,202,576,3875,1647,263,213,559,3880,1651,247,210,559,3885,1648,273,216,604,3890,1683,255,214,586,3895,1695,248,209,603,3900,1665,246,188,620,3905,1664,264,199,659,3910,1658,249,204,668,3915,1651,248,207,684,3920,1636,212,229,671,3925,1635,247,229,692,3930,1619,239,237,668,3935,1612,246,227,666,3940,1616,230,245,666,3946,1598,258,231,673,3951,1593,251,228,690,3956,1605,232,228,702,3961,1604,223,233,698,3967,1616,225,234,717,3972,1591,229,227,736,3977,1620,226,232,704,3982,1622,230,216,706,3988,1631,232,241,713,3993,1611,229,233,713,3998,1628,219,244,718,4003,1608,224,226,741,4009,1583,242,241,768,...,...,...,...,...,...,...,...,...,...,...,...,...,...,...,...,...,...,...,...,...,...,...,...,...,...,...,...,...,...,...,...,...,...,...,...,...,...,...,...,4055,1497,235,290,805,4060,1475,215,297,830,4065,1473,226,281,833,4070,1457,230,290,841,4075,1468,227,283,840,4079,1443,238,265,857,4084,1442,246,263,830,4089,1438,244,269,852,4094,1437,242,270,865,4098,1429,250,281,857,4103,1426,233,273,908
UF,Pernambuco,9048,3508,707,449,1683,9063,3545,814,438,1640,9079,3662,753,427,1610,9094,3729,714,449,1607,9110,3719,732,481,1682,9126,3700,732,492,1714,9141,3580,770,474,1763,9157,3525,827,465,1770,9172,3547,854,479,1794,9188,3517,817,513,1810,9203,3555,784,507,1763,9219,3507,821,470,1804,9235,3427,829,509,1817,9250,3555,715,519,1847,9266,3455,718,521,1888,9281,3528,628,507,1926,9296,3455,631,551,1991,9312,3479,631,563,1928,9327,3511,609,537,1981,9342,3503,625,586,1918,9358,3544,622,595,1993,9373,3534,607,594,2037,9388,3549,580,577,2083,9403,3497,579,565,2108,9418,3471,598,546,2169,9433,3416,579,573,2122,9448,3441,566,577,2126,9463,3358,576,565,2173,9478,3325,593,584,2226,9493,3353,619,584,2167,9508,3372,617,536,2197,9523,3399,585,510,2218,9537,3295,602,518,2345,...,...,...,...,...,...,...,...,...,...,...,...,...,...,...,...,...,...,...,...,...,...,...,...,...,...,...,...,...,...,...,...,...,...,...,...,...,...,...,...,9665,3228,612,585,2412,9679,3242,606,589,2379,9693,3233,569,620,2368,9706,3197,595,618,2430,9720,3169,604,609,2485,9733,3191,583,615,2434,9746,3166,589,585,2492,9759,3220,610,601,2511,9773,3223,611,610,2470,9785,3222,604,637,2451,9798,3233,550,592,2510
UF,Alagoas,3217,1402,245,173,443,3221,1400,273,173,438,3226,1392,261,182,449,3230,1420,271,179,441,3234,1429,245,196,453,3238,1422,252,193,456,3242,1382,258,189,463,3246,1404,249,182,449,3250,1365,265,170,455,3254,1385,254,176,458,3258,1381,244,183,452,3262,1392,235,187,462,3266,1373,247,194,479,3270,1350,245,196,484,3273,1332,246,189,492,3277,1326,210,187,506,3281,1353,228,197,511,3285,1354,225,198,515,3289,1309,232,203,530,3292,1341,225,189,531,3296,1323,226,200,579,3300,1355,214,206,569,3304,1345,216,205,587,3307,1353,211,205,567,3311,1311,214,206,604,3315,1338,212,212,589,3318,1337,232,217,579,3322,1341,216,209,567,3326,1322,232,203,602,3329,1318,228,210,588,3333,1327,221,221,590,3336,1329,202,213,588,3340,1248,205,235,620,...,...,...,...,...,...,...,...,...,...,...,...,...,...,...,...,...,...,...,...,...,...,...,...,...,...,...,...,...,...,...,...,...,...,...,...,...,...,...,...,3370,1223,223,228,672,3373,1213,227,223,674,3376,1199,229,229,673,3379,1162,231,240,697,3383,1156,223,236,705,3386,1134,213,236,706,3389,1112,203,237,735,3392,1149,209,237,719,3395,1130,207,235,740,3398,1158,207,236,736,3401,1147,213,230,760
UF,Sergipe,2143,940,151,115,325,2149,967,147,109,330,2154,962,155,111,336,2160,957,160,114,333,2165,967,149,122,340,2170,937,163,116,343,2176,915,174,107,347,2181,937,170,111,339,2186,954,157,116,359,2192,940,153,115,363,2197,940,158,124,359,2203,932,173,124,358,2208,922,170,125,369,2213,912,176,137,367,2218,905,167,127,384,2224,901,149,135,378,2229,924,157,143,374,2234,897,146,122,405,2240,924,136,145,401,2245,930,143,146,400,2250,922,151,147,398,2255,935,147,140,411,2260,923,148,138,404,2266,927,139,132,422,2271,928,139,133,420,2276,932,139,137,410,2281,926,146,131,415,2286,900,150,143,428,2291,924,150,126,452,2296,947,139,127,450,2301,935,128,141,455,2306,915,129,155,455,2311,898,131,149,492,...,...,...,...,...,...,...,...,...,...,...,...,...,...,...,...,...,...,...,...,...,...,...,...,...,...,...,...,...,...,...,...,...,...,...,...,...,...,...,...,2355,868,153,166,483,2360,880,150,163,477,2364,865,140,159,482,2369,836,162,150,498,2374,839,150,162,494,2378,835,145,153,511,2383,839,142,153,509,2387,823,149,165,528,2392,828,157,159,524,2396,835,152,160,519,2401,854,136,163,528
UF,Bahia,14393,6019,922,874,2657,14409,6031,930,868,2625,14426,6060,911,886,2570,14442,6078,884,855,2655,14458,6085,956,862,2707,14474,6089,939,845,2730,14490,5992,960,878,2742,14507,6058,904,886,2765,14523,6016,918,886,2881,14539,5947,873,910,2882,14555,5956,893,921,2818,14571,6038,955,887,2781,14587,6036,945,894,2906,14603,5903,860,952,2953,14618,5879,892,911,2892,14634,5649,878,878,3012,14650,5731,858,1005,3072,14666,5758,810,1000,3018,14681,5814,821,997,2988,14697,5677,836,1004,3009,14712,5651,877,977,3128,14727,5701,843,1021,3056,14743,5611,873,998,3059,14758,5480,896,966,3088,14773,5542,895,944,3204,14788,5593,851,976,3091,14803,5578,818,984,3096,14817,5599,796,951,3171,14832,5561,851,963,3265,14846,5590,850,987,3206,14861,5562,829,1012,3239,14875,5434,810,998,3303,14889,5262,823,1016,3477,...,...,...,...,...,...,...,...,...,...,...,...,...,...,...,...,...,...,...,...,...,...,...,...,...,...,...,...,...,...,...,...,...,...,...,...,...,...,...,...,15009,5091,836,1108,3698,15022,5043,801,1084,3685,15034,4993,796,1071,3582,15046,4970,851,1057,3730,15058,4985,889,981,3798,15070,4957,873,1038,3812,15081,4977,855,1045,3843,15092,4861,862,1126,3846,15103,4760,893,1122,3906,15114,4837,831,1142,3873,15125,4823,794,1108,4051
UF,Minas Gerais,20172,8445,1843,1213,3623,20207,8466,1793,1238,3659,20242,8543,1783,1245,3637,20276,8462,1811,1222,3708,20311,8430,1823,1226,3890,20345,8477,1794,1284,3808,20380,8483,1807,1253,3784,20414,8409,1778,1251,3863,20448,8242,1815,1272,4064,20483,8198,1892,1238,4051,20517,8206,1795,1263,4074,20551,8146,1760,1251,4089,20585,8135,1835,1259,4179,20619,8261,1825,1273,4040,20653,8140,1865,1231,4078,20686,7985,1794,1257,4181,20720,7921,1884,1251,4288,20753,7823,1811,1314,4267,20787,7794,1728,1321,4390,20820,7762,1739,1365,4395,20853,7787,1827,1335,4571,20886,7871,1792,1380,4475,20918,7783,1751,1398,4461,20951,7753,1718,1382,4546,20983,7701,1722,1414,4624,21016,7739,1710,1386,4576,21048,7704,1652,1399,4581,21079,7695,1640,1380,4567,21111,7652,1741,1364,4685,21142,7713,1698,1386,4657,21173,7680,1685,1442,4640,21204,7642,1706,1369,4799,21235,7645,1688,1372,4929,...,...,...,...,...,...,...,...,...,...,...,...,...,...,...,...,...,...,...,...,...,...,...,...,...,...,...,...,...,...,...,...,...,...,...,...,...,...,...,...,21499,7406,1533,1474,5097,21527,7309,1503,1447,5112,21555,7247,1505,1444,5141,21582,7199,1516,1441,5300,21609,7046,1547,1480,5306,21636,7048,1596,1420,5263,21662,6979,1650,1394,5303,21688,6940,1636,1437,5353,21713,6847,1599,1472,5332,21739,6827,1593,1438,5423,21763,6756,1556,1462,5536
UF,Espírito Santo,3669,1378,370,201,762,3681,1400,358,212,763,3693,1403,355,201,776,3704,1358,358,199,802,3716,1382,355,212,810,3728,1393,358,212,808,3740,1368,356,220,823,3752,1387,355,218,827,3764,1405,363,224,813,3776,1385,364,233,819,3787,1378,368,219,808,3799,1367,362,214,833,3811,1338,375,227,848,3823,1330,369,224,856,3835,1302,367,228,871,3846,1334,344,213,914,3858,1317,327,222,929,3870,1331,317,242,872,3882,1333,325,246,892,3893,1354,316,231,887,3905,1341,330,235,891,3917,1352,324,241,887,3928,1361,313,247,885,3940,1371,294,249,880,3952,1356,305,257,914,3963,1355,304,260,909,3975,1359,291,259,913,3986,1351,295,263,931,3997,1370,302,245,939,4009,1379,288,263,911,4020,1392,288,259,903,4032,1374,278,244,947,4043,1353,307,254,946,...,...,...,...,...,...,...,...,...,...,...,...,...,...,...,...,...,...,...,...,...,...,...,...,...,...,...,...,...,...,...,...,...,...,...,...,...,...,...,...,4142,1291,314,269,1001,4153,1309,299,253,980,4164,1323,279,263,975,4174,1319,287,257,1001,4185,1288,286,268,1007,4195,1281,288,270,1039,4206,1268,288,269,1052,4216,1282,298,262,1066,4226,1267,302,260,1088,4236,1262,296,248,1090,4247,1267,295,240,1073
UF,Rio de Janeiro,16472,5429,1814,1038,3834,16499,5477,1837,1025,3848,16526,5467,1905,939,3822,16553,5470,1895,905,3899,16580,5354,1890,967,4052,16608,5410,1849,968,4075,16635,5377,1858,957,4066,16662,5344,1833,947,4076,16689,5147,1909,1014,4223,16717,5131,1947,983,4238,16744,5101,1897,958,4231,16771,4978,1961,955,4328,16798,4872,1972,965,4368,16825,4957,1943,973,4436,16852,4910,1889,949,4456,16879,5034,1664,948,4573,16906,5016,1693,962,4591,16933,5113,1670,1003,4430,16960,5077,1641,1021,4498,16987,5022,1643,1042,4526,17014,4975,1610,1043,4619,17040,4986,1569,1088,4580,17067,4931,1534,1105,4527,17093,4942,1528,1068,4539,17119,4863,1452,1074,4712,17146,4803,1402,1089,4643,17172,4773,1370,1117,4610,17197,4686,1405,1065,4668,17223,4641,1393,1077,4772,17249,4660,1416,1079,4730,17274,4630,1357,1080,4732,17299,4625,1326,1069,4773,17325,4522,1358,1091,4783,...,...,...,...,...,...,...,...,...,...,...,...,...,...,...,...,...,...,...,...,...,...,...,...,...,...,...,...,...,...,...,...,...,...,...,...,...,...,...,...,17541,4225,1322,1137,4951,17564,4228,1283,1165,4930,17587,4225,1253,1111,4967,17609,4171,1237,1112,5106,17631,4213,1215,1096,5072,17653,4234,1202,1079,5089,17675,4318,1219,1053,5084,17696,4312,1218,1057,5113,17717,4363,1187,1031,5089,17738,4337,1188,1064,5070,17758,4342,1254,1033,5062
UF,São Paulo,42963,13831,4298,2744,10264,43067,13794,4135,2758,10210,43171,13757,4072,2614,10466,43275,13988,3982,2499,10439,43378,13582,4044,2567,10838,43481,13342,4129,2708,10733,43585,13406,4231,2616,10683,43687,13417,4150,2680,10851,43790,13107,4224,2913,10999,43892,13059,4385,2717,11125,43994,13318,4132,2714,10976,44096,13230,4046,2666,11091,44197,13165,4029,2848,11093,44299,13045,4120,2961,10898,44399,13100,3976,2908,10853,44500,13002,3904,2719,11287,44600,12664,4051,2784,11486,44699,12733,4041,2671,11648,44799,12564,3820,2805,11752,44898,12482,3918,2770,11750,44996,12462,3875,2857,11919,45094,12690,3601,3008,12038,45192,12642,3615,2960,11896,45289,12742,3603,2896,12019,45386,12849,3422,2963,12125,45482,12758,3403,3004,12090,45577,12549,3421,2997,12219,45673,12611,3335,2880,12284,45767,12410,3369,2939,12378,45861,12412,3418,2847,12443,45955,12386,3282,3022,12453,46048,12359,3358,2879,12571,46140,12288,3279,2848,12652,...,...,...,...,...,...,...,...,...,...,...,...,...,...,...,...,...,...,...,...,...,...,...,...,...,...,...,...,...,...,...,...,...,...,...,...,...,...,...,...,46944,11813,3274,2862,13331,47030,11810,3219,2821,13350,47115,11774,3254,2907,13262,47200,11824,3314,2973,13413,47284,11809,3308,2965,13409,47367,11533,3281,2997,13451,47449,11660,3242,2887,13487,47530,11580,3349,2921,13549,47611,11574,3318,2841,13695,47691,11485,3331,2795,13797,47770,11409,3175,2698,13920
UF,Paraná,10778,4084,1071,663,2066,10800,4064,1057,659,2085,10822,4068,1058,654,2075,10844,3997,1091,698,2091,10866,3997,1119,681,2139,10888,4035,1087,687,2142,10910,4003,1112,695,2160,10932,3998,1092,683,2161,10954,3878,1129,666,2293,10976,3841,1095,677,2344,10998,3787,1128,715,2284,11020,3844,1091,692,2283,11042,3816,1135,673,2321,11064,3791,1160,665,2316,11086,3812,1117,663,2293,11108,3877,1030,628,2341,11130,3830,1029,681,2382,11151,3825,1067,689,2364,11173,3828,1058,724,2362,11195,3835,1012,745,2418,11216,3849,1017,726,2453,11238,3878,966,778,2385,11260,3863,954,761,2407,11281,3922,923,757,2375,11303,3867,930,742,2414,11324,3853,917,723,2434,11345,3832,900,769,2451,11366,3858,912,720,2485,11387,3737,944,783,2490,11408,3747,888,786,2525,11429,3745,907,760,2545,11450,3657,913,755,2562,11471,3651,921,768,2605,...,...,...,...,...,...,...,...,...,...,...,...,...,...,...,...,...,...,...,...,...,...,...,...,...,...,...,...,...,...,...,...,...,...,...,...,...,...,...,...,11651,3561,928,772,2704,11671,3540,908,772,2696,11690,3460,925,775,2728,11709,3444,894,800,2778,11728,3449,922,762,2841,11747,3472,896,774,2787,11765,3503,887,746,2807,11784,3444,874,750,2901,11802,3492,857,760,2877,11820,3446,852,737,2867,11838,3381,812,726,2975
UF,Santa Catarina,6486,2480,756,395,1256,6508,2463,780,383,1293,6531,2451,808,355,1293,6554,2407,812,350,1320,6576,2390,834,394,1318,6599,2373,847,387,1344,6622,2330,872,360,1363,6644,2330,879,343,1365,6667,2322,863,355,1431,6690,2349,843,336,1450,6713,2287,872,359,1457,6735,2305,856,375,1447,6758,2335,799,380,1453,6781,2330,793,396,1457,6804,2329,788,424,1447,6826,2374,759,408,1451,6849,2380,787,391,1472,6872,2376,755,411,1493,6894,2376,741,396,1486,6917,2351,721,394,1511,6939,2362,712,389,1531,6962,2370,700,408,1500,6984,2308,700,403,1523,7007,2277,719,397,1533,7029,2302,717,414,1519,7052,2301,697,431,1510,7074,2291,688,415,1538,7096,2280,710,424,1557,7118,2294,705,422,1586,7140,2265,711,428,1593,7162,2247,710,427,1640,7184,2245,729,460,1623,7206,2220,742,414,1691,...,...,...,...,...,...,...,...,...,...,...,...,...,...,...,...,...,...,...,...,...,...,...,...,...,...,...,...,...,...,...,...,...,...,...,...,...,...,...,...,7399,2174,692,462,1745,7420,2154,675,482,1727,7441,2192,671,476,1746,7461,2200,683,470,1774,7482,2186,688,442,1804,7502,2148,688,452,1807,7522,2113,700,464,1840,7542,2094,697,470,1896,7562,2054,697,450,1919,7582,2029,685,449,1957,7602,2010,673,457,2004
UF,Rio Grande do Sul,10978,4594,1097,662,1980,10992,4616,1091,677,1966,11005,4573,1072,681,1980,11018,4533,1078,674,2002,11032,4448,1114,643,2130,11045,4410,1103,665,2116,11058,4314,1101,664,2125,11072,4295,1121,669,2139,11085,4225,1156,710,2162,11098,4214,1149,713,2150,11111,4179,1192,711,2112,11125,4327,1182,670,2082,11138,4203,1173,688,2151,11151,4158,1186,685,2188,11164,4137,1179,663,2169,11177,4129,1067,674,2258,11190,4118,1081,709,2276,11203,4062,1060,708,2253,11216,4068,1039,714,2243,11228,4048,1055,678,2302,11241,4052,1104,686,2280,11254,4107,1083,680,2228,11266,4103,1054,713,2212,11278,4113,1056,679,2210,11291,4098,1050,685,2260,11303,4081,1075,698,2246,11315,3978,1105,665,2307,11327,3961,1045,690,2367,11339,3863,1057,707,2463,11351,3849,1042,704,2474,11363,3875,1047,700,2431,11374,3819,1034,696,2400,11386,3861,1029,706,2415,...,...,...,...,...,...,...,...,...,...,...,...,...,...,...,...,...,...,...,...,...,...,...,...,...,...,...,...,...,...,...,...,...,...,...,...,...,...,...,...,11484,3758,1055,746,2504,11494,3704,1012,734,2517,11504,3711,967,775,2525,11514,3656,950,790,2598,11523,3695,937,809,2581,11533,3660,929,788,2574,11542,3610,948,722,2600,11551,3592,911,730,2663,11560,3597,932,737,2672,11569,3531,936,755,2685,11578,3500,906,707,2820
UF,Mato Grosso do Sul,2482,1017,236,147,396,2490,1043,225,141,398,2497,1034,227,144,398,2505,1037,225,147,394,2513,1033,226,157,405,2521,1018,232,160,409,2529,1011,231,164,418,2536,1009,239,156,429,2544,1019,239,158,438,2552,1011,222,162,433,2560,1015,223,157,446,2568,1014,216,151,441,2575,1031,225,155,423,2583,1048,212,161,416,2591,1057,205,161,421,2599,1042,195,171,431,2606,1026,200,180,458,2614,1023,209,167,454,2622,1036,191,168,465,2629,1005,196,182,468,2637,1007,215,165,475,2645,990,201,172,478,2652,984,211,151,481,2660,1000,212,166,473,2668,984,207,185,491,2675,982,197,190,492,2683,987,195,185,495,2690,976,194,192,504,2698,995,191,193,500,2705,982,194,186,503,2713,960,207,191,502,2720,962,203,184,517,2727,951,204,190,544,...,...,...,...,...,...,...,...,...,...,...,...,...,...,...,...,...,...,...,...,...,...,...,...,...,...,...,...,...,...,...,...,...,...,...,...,...,...,...,...,2793,877,186,192,593,2800,881,190,184,588,2807,870,186,187,583,2814,872,187,197,583,2821,874,185,189,585,2827,880,179,192,594,2834,865,183,186,610,2841,873,185,193,617,2848,865,191,187,629,2855,876,190,200,625,2861,869,194,200,611
UF,Mato Grosso,3122,1110,294,210,583,3133,1127,297,219,592,3143,1110,344,207,578,3153,1121,340,199,597,3164,1106,354,199,606,3174,1097,355,204,608,3184,1104,334,209,622,3195,1072,354,209,590,3205,1071,390,211,598,3216,1042,364,228,614,3226,1053,374,224,615,3237,1096,367,237,594,3247,1044,389,228,642,3257,1055,378,246,633,3268,1060,381,228,633,3278,1120,320,215,656,3289,1131,310,236,655,3299,1154,291,249,639,3310,1158,279,251,649,3320,1166,270,267,640,3331,1184,264,263,627,3341,1178,245,270,625,3352,1159,249,270,659,3362,1141,242,279,661,3373,1153,253,273,654,3383,1164,255,272,653,3393,1159,259,280,643,3404,1146,248,285,628,3414,1167,236,279,663,3425,1130,246,287,681,3435,1148,238,287,698,3445,1154,225,289,701,3455,1134,240,295,744,...,...,...,...,...,...,...,...,...,...,...,...,...,...,...,...,...,...,...,...,...,...,...,...,...,...,...,...,...,...,...,...,...,...,...,...,...,...,...,...,3546,1051,241,312,788,3556,1055,240,311,783,3566,1028,255,322,773,3576,1016,248,339,801,3585,1025,259,306,838,3595,1016,243,314,849,3605,1032,239,301,823,3614,1016,239,298,858,3624,998,233,313,869,3633,977,236,319,866,3642,986,221,336,862
UF,Goiás,6278,2405,553,438,1213,6304,2323,559,443,1284,6330,2315,563,461,1263,6356,2299,573,463,1277,6382,2359,563,460,1326,6407,2384,553,486,1273,6433,2373,564,457,1264,6459,2356,535,495,1291,6484,2395,600,472,1272,6510,2405,554,491,1309,6535,2440,547,484,1315,6561,2428,549,472,1316,6586,2377,573,502,1363,6612,2359,579,500,1341,6637,2318,563,482,1376,6662,2309,523,493,1375,6687,2358,568,490,1401,6712,2316,537,475,1416,6738,2310,554,467,1421,6762,2378,491,478,1387,6787,2359,524,475,1439,6812,2362,498,490,1423,6837,2422,483,517,1420,6862,2385,477,515,1435,6886,2375,507,487,1489,6911,2346,503,524,1513,6935,2386,514,519,1510,6959,2357,497,524,1513,6983,2343,512,543,1529,7007,2359,479,548,1558,7031,2384,492,523,1580,7055,2335,469,511,1625,7079,2302,482,520,1686,...,...,...,...,...,...,...,...,...,...,...,...,...,...,...,...,...,...,...,...,...,...,...,...,...,...,...,...,...,...,...,...,...,...,...,...,...,...,...,...,7288,2199,482,571,1758,7310,2182,489,552,1789,7332,2223,485,544,1794,7355,2195,513,543,1838,7377,2184,500,544,1834,7399,2193,482,589,1809,7421,2170,463,599,1833,7442,2145,469,590,1877,7464,2126,457,567,1898,7485,2084,468,606,1905,7506,2074,466,537,1990
UF,Distrito Federal,2707,764,197,163,575,2717,791,201,156,579,2728,776,210,160,596,2738,765,196,153,623,2749,734,208,160,645,2759,759,213,149,637,2770,750,228,139,650,2780,741,232,140,649,2791,775,243,141,628,2801,758,234,150,615,2812,725,256,146,616,2822,686,270,151,618,2833,733,255,143,621,2843,710,270,149,637,2854,719,251,144,666,2864,739,209,145,671,2874,733,225,149,697,2885,737,230,159,652,2895,733,218,164,662,2905,749,201,166,667,2916,780,200,175,649,2926,756,189,185,639,2936,750,196,190,627,2947,739,189,180,637,2957,730,183,172,690,2967,730,187,161,672,2977,743,172,171,687,2987,723,197,174,694,2997,720,201,187,705,3007,730,173,182,703,3017,725,182,182,704,3027,725,178,170,709,3037,688,185,188,726,...,...,...,...,...,...,...,...,...,...,...,...,...,...,...,...,...,...,...,...,...,...,...,...,...,...,...,...,...,...,...,...,...,...,...,...,...,...,...,...,3125,716,171,189,738,3135,714,167,176,713,3144,692,160,183,745,3153,687,158,173,744,3163,679,167,170,732,3172,676,156,172,753,3181,657,163,171,762,3191,678,170,176,767,3200,677,181,170,761,3209,699,168,178,756,3218,674,185,175,744
Fonte: IBGE - Pesquisa Nacional por Amostra de Domicílios Contínua trimestral,Distrito Federal,2707,764,197,163,575,2717,791,201,156,579,2728,776,210,160,596,2738,765,196,153,623,2749,734,208,160,645,2759,759,213,149,637,2770,750,228,139,650,2780,741,232,140,649,2791,775,243,141,628,2801,758,234,150,615,2812,725,256,146,616,2822,686,270,151,618,2833,733,255,143,621,2843,710,270,149,637,2854,719,251,144,666,2864,739,209,145,671,2874,733,225,149,697,2885,737,230,159,652,2895,733,218,164,662,2905,749,201,166,667,2916,780,200,175,649,2926,756,189,185,639,2936,750,196,190,627,2947,739,189,180,637,2957,730,183,172,690,2967,730,187,161,672,2977,743,172,171,687,2987,723,197,174,694,2997,720,201,187,705,3007,730,173,182,703,3017,725,182,182,704,3027,725,178,170,709,3037,688,185,188,726,...,...,...,...,...,...,...,...,...,...,...,...,...,...,...,...,...,...,...,...,...,...,...,...,...,...,...,...,...,...,...,...,...,...,...,...,...,...,...,...,3125,716,171,189,738,3135,714,167,176,713,3144,692,160,183,745,3153,687,158,173,744,3163,679,167,170,732,3172,676,156,172,753,3181,657,163,171,762,3191,678,170,176,767,3200,677,181,170,761,3209,699,168,178,756,3218,674,185,175,744
